PlotID,TRT,Block
X1401,Biosolids,A
X1402,Oats,A
X1403,Peat,A
X1404,Peat + Fertilizer,A
X1405,Control,A
X1406,Oats + Fertilizer,A
X1407,Fertilizer,A
X1408,Peat + Biosolids,A
X1409,Biosolids,B
X1410,Peat + Biosolids,B
X1411,Control,B
X1412,Fertilizer,B
X1413,Peat + Fertilizer,B
X1414,Peat,B
X1415,Oats + Fertilizer,B
X1416,Oats,B
X1417,Oats + Fertilizer,C
X1418,Peat,C
X1419,Fertilizer,C
X1420,Oats,C
X1421,Control,C
X1422,Peat + Fertilizer,C
X1423,Peat + Biosolids,C
X1424,Biosolids,C
X1425,Peat + Biosolids,D
X1426,Oats + Fertilizer,D
X1427,Peat,D
X1428,Control,D
X1429,Oats,D
X1430,Peat + Fertilizer,D
X1431,Fertilizer,D
X1432,Biosolids,D
X1433,Oats + Fertilizer,E
X1434,Peat + Fertilizer,E
X1435,Oats,E
X1436,Control,E
X1437,Peat,E
X1438,Fertilizer,E
X1439,Peat + Biosolids,E
X1440,Biosolids,E
